log_id,station_id,issue_type,downtime_hours,repair_cost,issue_date
1,49,Cooling Failure,38,8911.9875,18-07-2024
2,41,Software Error,15,6506.2575,09-08-2024
3,17,Software Error,32,11986.275,13-01-2025
4,38,Cooling Failure,48,1092.5075,17-04-2026
5,46,Cooling Failure,12,7977.725,04-11-2024
6,35,Software Error,32,2961.7175,31-05-2024
7,46,Network Issue,13,8105.1125,02-12-2025
8,46,Network Issue,25,6222.98,07-02-2025
9,23,Cooling Failure,4,7231.365,28-06-2025
10,45,Network Issue,33,5517.625,23-10-2024
11,48,Power Outage,23,7221.055,19-02-2026
12,40,Software Error,8,10609.8575,13-08-2024
13,20,Cooling Failure,26,8227.7025,03-11-2025
14,10,Network Issue,9,7310.1775,25-02-2025
15,22,Software Error,15,7843.41,21-09-2024
16,43,Network Issue,26,7168.175,28-07-2024
17,4,Port Failure,5,12159.63,24-01-2025
18,22,Network Issue,26,6814.025,13-07-2025
19,40,Cooling Failure,38,8797.4375,22-08-2025
20,48,Network Issue,37,10675.7175,03-06-2025
21,50,Power Outage,6,5705.9225,04-04-2026
22,37,Network Issue,35,5236.6225,19-05-2025
23,41,Software Error,13,12298.6825,24-02-2025
24,30,Power Outage,22,11750.7,08-12-2024
25,22,Power Outage,24,11221.15,12-05-2025
26,35,Software Error,41,9542.81,21-06-2024
27,36,Port Failure,18,2994.6625,10-11-2025
28,9,Network Issue,36,7929.9075,11-08-2025
29,21,Power Outage,19,11148.415,05-03-2026
30,31,Software Error,37,6878.285,12-07-2025
31,39,Port Failure,31,7429.64,14-12-2025
32,48,Network Issue,26,7303.56,02-04-2025
33,34,Software Error,8,8443.5975,02-05-2025
34,7,Network Issue,46,4305.1,28-11-2024
35,35,Software Error,22,10309.2575,09-03-2026
36,39,Software Error,41,10621.18,10-02-2025
37,24,Network Issue,29,11862.9375,20-06-2024
38,25,Power Outage,46,10422.6575,28-04-2025
39,39,Software Error,23,4330.78,28-04-2025
40,26,Port Failure,14,10730.23,01-11-2025
41,1,Port Failure,4,941.4825,28-12-2025
42,45,Port Failure,36,804.3575,15-05-2025
43,29,Port Failure,18,2586.2925,14-11-2025
44,42,Port Failure,48,608.62,24-11-2025
45,40,Port Failure,6,3181.3875,11-07-2025
46,9,Port Failure,34,5854.0275,27-04-2025
47,41,Network Issue,10,8990.1175,17-10-2024
48,40,Power Outage,44,10192.495,10-06-2025
49,47,Cooling Failure,19,3558.1925,03-10-2024
50,50,Software Error,11,5367.76,03-05-2026
51,40,Power Outage,25,922.525,05-02-2026
52,25,Network Issue,16,5174.8775,17-11-2024
53,41,Network Issue,6,5303.4325,31-05-2025
54,15,Power Outage,17,9123.185,19-01-2026
55,21,Cooling Failure,20,645.585,11-02-2025
56,3,Cooling Failure,41,6502.5075,27-05-2024
57,24,Port Failure,20,5804.36,18-02-2026
58,11,Network Issue,38,7923.06,10-01-2025
59,50,Network Issue,32,605.27,05-03-2026
60,6,Cooling Failure,32,2224.4425,17-02-2026
61,22,Network Issue,33,6128.8125,01-10-2024
62,6,Power Outage,18,8569.2975,22-08-2024
63,43,Software Error,15,1811.17,25-06-2024
64,9,Power Outage,14,2531.31,01-07-2025
65,46,Software Error,21,9610.97,22-09-2024
66,10,Network Issue,3,8060.44,13-02-2026
67,6,Cooling Failure,12,11388.0325,19-01-2025
68,48,Network Issue,20,7639.6775,03-10-2024
69,39,Network Issue,6,1125.5725,22-06-2025
70,1,Port Failure,48,11837.165,30-07-2024
71,9,Power Outage,33,9531.2425,18-06-2025
72,50,Cooling Failure,7,2183.3975,02-12-2024
73,15,Power Outage,17,5217.415,18-11-2024
74,32,Network Issue,32,8286.395,29-01-2025
75,11,Network Issue,26,10474.245,17-07-2024
76,38,Network Issue,3,11333.8575,26-03-2025
77,11,Network Issue,26,1524.4375,01-12-2025
78,21,Software Error,17,3348.7975,26-11-2025
79,12,Port Failure,38,7600.67,30-06-2024
80,39,Network Issue,33,1005.235,19-07-2025
81,18,Port Failure,37,7649.4475,17-06-2024
82,42,Cooling Failure,5,12433.4225,19-03-2026
83,1,Port Failure,42,1900.035,14-03-2025
84,24,Port Failure,39,11677.87,25-07-2025
85,47,Cooling Failure,30,603.5475,21-02-2025
86,29,Power Outage,20,3188.8925,11-06-2025
87,41,Power Outage,43,12244.8375,14-04-2026
88,41,Network Issue,48,11486.1975,17-02-2026
89,10,Cooling Failure,6,8600.7225,31-01-2026
90,14,Network Issue,36,1883.3725,13-12-2024
91,24,Port Failure,24,4736.635,22-02-2026
92,42,Power Outage,46,8196.1625,02-03-2026
93,44,Software Error,43,696.4725,19-12-2024
94,18,Cooling Failure,18,4155.675,23-09-2025
95,49,Network Issue,10,9461.7325,02-06-2024
96,22,Power Outage,38,2230.6975,12-02-2026
97,22,Network Issue,11,2737.415,06-05-2025
98,50,Software Error,19,8834.325,16-01-2025
99,41,Port Failure,37,3975.6825,23-01-2026
100,43,Power Outage,41,6884.9675,14-06-2025
101,46,Software Error,19,2613.2975,28-08-2024
102,39,Port Failure,37,2751.89,26-05-2024
103,31,Port Failure,36,6255.7975,29-10-2024
104,9,Power Outage,10,3505.875,30-07-2025
105,18,Software Error,26,2757.3525,24-01-2026
106,30,Network Issue,34,10728.81,24-03-2025
107,48,Power Outage,19,10056.965,19-03-2025
108,15,Power Outage,2,599.0775,11-12-2024
109,40,Network Issue,43,7153.335,25-11-2024
110,24,Power Outage,34,2305.8625,17-03-2025
111,23,Software Error,32,3772.0775,02-01-2025
112,39,Power Outage,10,7281.1325,17-06-2025
113,33,Cooling Failure,31,3678.1075,31-05-2024
114,2,Cooling Failure,3,7376.5975,07-05-2024
115,17,Network Issue,28,796.39,09-08-2024
116,27,Power Outage,19,8482.845,14-02-2026
117,47,Cooling Failure,16,616.035,08-09-2025
118,50,Power Outage,42,1334.8325,07-07-2024
119,24,Port Failure,5,9623.755,08-08-2024
120,50,Cooling Failure,8,6350.9225,18-06-2025
121,22,Network Issue,31,10549.19,20-12-2025
122,6,Software Error,42,3351.06,15-05-2024
123,24,Network Issue,42,11948.055,18-05-2024
124,29,Cooling Failure,25,2409.3025,22-03-2026
125,40,Network Issue,4,1523.0375,26-11-2024
126,40,Software Error,28,9695.5975,11-04-2025
127,15,Software Error,25,4983.2925,17-08-2025
128,29,Cooling Failure,34,3050.23,31-03-2026
129,29,Port Failure,4,8046.9175,30-01-2026
130,14,Port Failure,43,8592.14,07-04-2025
131,50,Network Issue,26,7142.8875,15-01-2026
132,39,Network Issue,29,1109.1275,22-03-2025
133,16,Software Error,16,3270.515,29-01-2025
134,28,Network Issue,20,11662.74,09-09-2024
135,35,Power Outage,26,11297.6675,04-02-2026
136,37,Cooling Failure,5,939.975,26-05-2024
137,36,Software Error,1,11083.9975,03-12-2024
138,4,Port Failure,31,9176.3175,23-03-2025
139,27,Port Failure,3,936.2375,27-08-2025
140,40,Network Issue,23,6182.4225,16-11-2025
141,18,Port Failure,19,9733.8525,18-07-2025
142,41,Software Error,6,11865.725,15-02-2025
143,31,Software Error,47,633.87,03-03-2025
144,14,Port Failure,5,4935.255,16-02-2026
145,7,Cooling Failure,37,9599.7825,31-01-2026
146,6,Cooling Failure,20,9586.1425,29-11-2024
147,45,Port Failure,8,5832.5525,13-03-2026
148,46,Power Outage,25,3345.11,12-11-2025
149,47,Cooling Failure,10,10578.8225,10-09-2025
150,7,Software Error,19,3638.825,21-05-2025
151,35,Software Error,10,3592.9825,10-05-2025
152,18,Network Issue,12,11660.1075,27-04-2025
153,7,Software Error,24,7056.3925,25-08-2024
154,7,Software Error,3,4241.1175,02-03-2025
155,39,Power Outage,31,2703.455,30-03-2025
156,47,Port Failure,26,8774.5025,03-12-2025
157,27,Power Outage,24,9363.39,26-02-2026
158,14,Port Failure,8,3175.535,04-04-2026
159,46,Network Issue,1,5420.4975,26-01-2026
160,16,Cooling Failure,29,4033.5225,21-04-2026
161,50,Port Failure,43,7794.02,04-08-2025
162,17,Software Error,12,6595.2625,25-01-2025
163,9,Port Failure,12,4236.48,05-07-2025
164,13,Port Failure,15,8143.5075,27-10-2025
165,25,Software Error,12,1217.1125,29-04-2026
166,21,Power Outage,2,11362.0225,13-08-2025
167,35,Cooling Failure,9,6373.0375,29-03-2025
168,20,Power Outage,48,6058.46,28-01-2025
169,13,Power Outage,47,5586.295,20-09-2025
170,21,Cooling Failure,10,6269.405,27-02-2026
171,42,Power Outage,43,7928.6,30-11-2024
172,36,Software Error,34,11476.455,28-09-2024
173,22,Port Failure,47,7962.85,09-01-2025
174,8,Cooling Failure,29,11616.0325,17-08-2025
175,30,Cooling Failure,28,667.3325,26-07-2025
176,11,Network Issue,24,2958.905,01-08-2024
177,30,Software Error,32,3933.6175,08-11-2024
178,29,Power Outage,19,11037.9525,29-05-2024
179,23,Network Issue,14,5006.7925,23-10-2025
180,26,Network Issue,3,9869.2225,01-09-2024
181,3,Network Issue,20,7668.4275,11-12-2025
182,17,Port Failure,1,7212.6225,19-11-2024
183,6,Network Issue,19,5607.8275,06-05-2024
184,35,Software Error,30,11945.9925,26-11-2025
185,35,Network Issue,48,4059.1575,29-08-2024
186,25,Network Issue,6,7770.3275,05-12-2025
187,5,Software Error,48,3927.5625,06-08-2024
188,47,Port Failure,13,9178.025,02-02-2026
189,31,Power Outage,24,8868.955,11-08-2024
190,42,Port Failure,14,11629.21,10-03-2026
191,40,Network Issue,13,9793.3225,21-07-2025
192,33,Network Issue,12,4864.3175,31-03-2026
193,13,Network Issue,30,11723.29,08-11-2025
194,15,Cooling Failure,48,9556.375,29-06-2024
195,32,Network Issue,34,8510.13,10-09-2025
196,36,Port Failure,2,7529.1325,21-05-2025
197,27,Software Error,11,2940.475,27-10-2024
198,17,Port Failure,9,1692.89,22-03-2025
199,43,Power Outage,12,3400.49,24-08-2025
200,18,Power Outage,1,11083.455,10-08-2024
201,18,Power Outage,41,505.2825,30-04-2025
202,30,Port Failure,9,10639.6075,17-03-2025
203,48,Software Error,8,4332.47,24-01-2026
204,25,Cooling Failure,26,10824.4625,31-08-2024
205,50,Power Outage,46,5429.735,02-08-2024
206,8,Network Issue,14,2793.6875,18-05-2024
207,23,Port Failure,16,1345.775,10-07-2025
208,14,Software Error,26,3069.515,06-08-2024
209,22,Cooling Failure,38,11766.445,16-12-2024
210,24,Cooling Failure,31,6545.2725,25-03-2025
211,49,Cooling Failure,31,9121.855,17-06-2025
212,25,Software Error,7,5752.185,27-08-2025
213,50,Power Outage,27,1854.5475,07-01-2025
214,50,Network Issue,17,2419.725,02-07-2025
215,47,Port Failure,7,1224.1775,02-08-2024
216,37,Network Issue,27,923.235,31-12-2024
217,18,Network Issue,6,12180.5225,25-08-2024
218,41,Cooling Failure,16,5383.0525,05-02-2025
219,10,Cooling Failure,3,5129.0925,20-10-2024
220,28,Port Failure,6,10654.985,17-05-2025
221,49,Port Failure,3,1603.065,08-09-2025
222,29,Power Outage,18,1860.0975,31-07-2025
223,48,Network Issue,33,12396.5875,05-01-2026
224,49,Software Error,38,3665.9175,20-04-2025
225,30,Port Failure,15,1191.8475,06-07-2025
226,6,Port Failure,47,5371.875,14-10-2025
227,1,Port Failure,15,9495.08,25-09-2024
228,34,Network Issue,22,6182.0225,22-11-2024
229,31,Cooling Failure,3,1880.18,12-05-2024
230,18,Power Outage,21,4731.135,13-08-2025
231,38,Port Failure,24,3166.3025,03-01-2025
232,48,Software Error,9,8249.61,22-06-2024
233,27,Power Outage,28,1013.14,09-04-2026
234,35,Port Failure,2,6241.425,10-01-2026
235,47,Port Failure,47,10277.01,01-09-2025
236,45,Cooling Failure,23,7328.0325,31-08-2024
237,48,Network Issue,19,9193.0275,30-10-2025
238,3,Power Outage,18,5807.815,24-07-2025
239,35,Power Outage,36,6403.265,27-05-2025
240,17,Software Error,41,4742.8325,20-07-2024
241,12,Port Failure,1,3842.8375,22-08-2025
242,46,Port Failure,23,4289.995,11-05-2025
243,12,Network Issue,48,4210.66,16-08-2024
244,26,Cooling Failure,22,12099.355,14-01-2025
245,47,Network Issue,24,9642.5925,19-09-2024
246,25,Cooling Failure,40,10349.0325,20-12-2024
247,17,Software Error,17,852.34,20-09-2024
248,29,Network Issue,33,11896.9775,26-06-2025
249,5,Power Outage,30,4489.4775,29-01-2026
250,28,Network Issue,7,4485.6525,16-04-2026
251,11,Power Outage,2,3643.625,25-05-2025
252,18,Software Error,33,9810.8375,29-10-2025
253,23,Cooling Failure,41,5601.0575,10-12-2024
254,49,Software Error,35,11159.61,08-07-2025
255,22,Port Failure,20,3183.2125,10-01-2026
256,46,Port Failure,11,3907.1825,09-06-2024
257,28,Cooling Failure,3,6205.5425,16-02-2026
258,5,Power Outage,36,2939.095,02-05-2026
259,39,Software Error,45,7890.775,01-11-2025
260,24,Cooling Failure,42,9311.46,26-08-2025
261,17,Cooling Failure,29,10903.865,09-01-2026
262,1,Power Outage,22,6499.0575,25-03-2025
263,32,Power Outage,17,8325.2075,26-11-2024
264,14,Software Error,6,11463.8875,13-09-2025
265,33,Cooling Failure,27,6744.04,21-02-2026
266,13,Software Error,28,11568.61,17-02-2025
267,32,Network Issue,48,3762.4475,21-10-2024
268,10,Software Error,41,10353.7725,03-09-2025
269,43,Port Failure,19,4258.2425,20-06-2025
270,6,Port Failure,31,9941.245,09-04-2025
271,24,Software Error,31,2376.845,03-11-2024
272,36,Cooling Failure,13,1819.3525,28-07-2024
273,34,Power Outage,8,2686.2825,25-07-2024
274,44,Software Error,4,7055.6375,23-12-2025
275,43,Power Outage,16,9162.4875,02-03-2025
276,13,Software Error,27,6302.5325,13-11-2025
277,22,Software Error,25,7446.7925,16-02-2026
278,10,Power Outage,9,2018.0025,09-12-2024
279,15,Cooling Failure,10,6008.7975,17-07-2025
280,46,Software Error,22,10691.88,14-01-2026
281,4,Software Error,34,5576.12,17-06-2024
282,2,Power Outage,31,7629.95,07-08-2024
283,33,Port Failure,48,5851.165,02-02-2025
284,42,Port Failure,14,9698.455,03-06-2024
285,28,Port Failure,2,9032.2575,20-09-2025
286,9,Port Failure,19,9626.68,18-06-2025
287,28,Software Error,4,5537.1925,19-02-2026
288,35,Cooling Failure,10,6709.09,10-11-2025
289,23,Cooling Failure,46,9071.5175,18-06-2025
290,45,Power Outage,34,7505.93,21-06-2025
291,31,Power Outage,23,9981.6225,12-04-2025
292,41,Network Issue,11,10597.1875,10-08-2024
293,3,Network Issue,43,3019.95,24-05-2025
294,40,Software Error,39,6647.07,29-04-2025
295,26,Power Outage,15,4962.1075,03-02-2025
296,15,Software Error,6,3392.6275,10-10-2025
297,22,Cooling Failure,34,2612.15,26-09-2024
298,33,Port Failure,23,3306.92,10-06-2024
299,35,Port Failure,21,11168.39,19-04-2025
300,18,Cooling Failure,36,8337.125,27-11-2024
301,7,Port Failure,4,5369.6625,21-01-2025
302,14,Network Issue,10,1202.0625,09-03-2026
303,4,Software Error,20,1750.865,25-10-2024
304,38,Network Issue,42,8024.105,02-10-2024
305,37,Network Issue,14,5146.675,17-03-2025
306,48,Cooling Failure,3,2823.7425,18-09-2025
307,8,Power Outage,12,5530.33,15-02-2025
308,48,Port Failure,26,11981.31,04-06-2024
309,10,Cooling Failure,3,2021.1975,17-02-2025
310,17,Software Error,3,3722.3325,10-05-2024
311,38,Network Issue,43,10346.855,08-12-2025
312,37,Power Outage,16,8748.355,15-09-2024
313,7,Port Failure,32,8387.885,19-03-2026
314,21,Software Error,9,2867.055,11-06-2025
315,12,Power Outage,35,1581.905,13-11-2025
316,24,Software Error,41,6016.2225,19-12-2025
317,25,Power Outage,23,10215.5825,16-09-2025
318,12,Software Error,24,9570.7925,05-01-2026
319,18,Power Outage,11,10839.165,08-11-2025
320,18,Cooling Failure,45,4787.465,19-03-2025
321,21,Cooling Failure,31,2577.34,21-04-2025
322,38,Network Issue,12,9717.7925,31-12-2025
323,35,Cooling Failure,40,8402.735,20-03-2025
324,34,Power Outage,30,2501.94,05-02-2025
325,36,Software Error,44,6702.56,21-10-2024
326,29,Software Error,3,11418.41,30-01-2025
327,9,Power Outage,18,7016.6825,07-08-2024
328,9,Power Outage,10,10383.16,25-12-2024
329,15,Cooling Failure,6,10982.6825,23-12-2025
330,9,Network Issue,4,3258.015,09-03-2026
331,36,Network Issue,34,4090.09,13-08-2024
332,43,Port Failure,28,8485.405,24-06-2024
333,34,Software Error,27,11085.3375,17-11-2024
334,27,Power Outage,42,7807.5325,02-04-2026
335,39,Port Failure,19,9896.7825,19-02-2026
336,27,Network Issue,28,10550.87,15-05-2025
337,9,Port Failure,21,10697.6075,12-08-2025
338,22,Software Error,25,7451.85,23-08-2024
339,22,Network Issue,24,3240.705,09-04-2025
340,13,Power Outage,36,1887.1575,10-06-2024
341,45,Software Error,28,1864.16,18-07-2025
342,39,Power Outage,33,9341.96,02-05-2025
343,48,Port Failure,41,4576.675,14-08-2024
344,41,Software Error,47,7160.04,16-06-2025
345,33,Cooling Failure,19,7372.17,28-10-2025
346,29,Software Error,23,6767.285,24-01-2026
347,30,Cooling Failure,14,12191.9925,07-02-2025
348,37,Cooling Failure,11,9326.6775,23-04-2026
349,28,Port Failure,5,11502.455,12-06-2024
350,13,Cooling Failure,7,5133.7225,29-12-2024
351,8,Network Issue,22,9494.0875,11-11-2025
352,24,Port Failure,48,11173.24,28-12-2024
353,46,Cooling Failure,33,1186.795,26-08-2025
354,36,Software Error,29,11381.3925,23-07-2024
355,41,Port Failure,19,12375.6275,27-08-2024
356,1,Cooling Failure,28,9256.5775,08-06-2024
357,26,Power Outage,18,8412.965,21-12-2025
358,3,Cooling Failure,23,1031.235,02-07-2024
359,11,Port Failure,4,6781.5025,13-09-2025
360,14,Network Issue,10,10338.9375,10-04-2025
361,48,Power Outage,26,11110.62,14-02-2026
362,41,Network Issue,4,1167.06,11-05-2024
363,50,Software Error,41,6653.19,03-02-2026
364,23,Software Error,44,3729.61,21-09-2024
365,22,Software Error,2,2320.7075,17-01-2026
366,46,Software Error,2,809.7825,12-09-2024
367,1,Software Error,45,1020.8325,10-05-2024
368,33,Power Outage,44,8216.9275,22-01-2025
369,48,Software Error,41,3296.805,20-10-2024
370,41,Network Issue,20,7695.62,06-05-2024
371,14,Cooling Failure,31,9622.5025,16-06-2024
372,16,Network Issue,33,4441.7025,07-02-2026
373,27,Network Issue,4,7839.8775,03-01-2026
374,32,Software Error,41,9077.0425,25-01-2025
375,49,Power Outage,26,4006.1,28-10-2025
376,32,Power Outage,29,5462.175,29-07-2024
377,4,Port Failure,6,8196.045,13-01-2025
378,36,Software Error,18,7999.465,06-10-2024
379,46,Port Failure,38,10644.0325,31-03-2025
380,28,Software Error,41,4758.2475,11-08-2025
381,32,Port Failure,23,3572.875,13-11-2025
382,2,Software Error,4,4281.47,12-04-2026
383,2,Network Issue,1,9564.7575,04-06-2025
384,24,Network Issue,46,8212.0625,03-06-2024
385,3,Power Outage,16,4174.835,02-08-2024
386,40,Port Failure,37,9210.7975,27-11-2024
387,24,Power Outage,47,538.69,09-11-2024
388,29,Power Outage,30,11949.5625,15-02-2026
389,23,Software Error,2,11875.6025,30-03-2025
390,18,Network Issue,17,12394.685,26-08-2025
391,9,Software Error,21,9158.64,07-03-2025
392,21,Port Failure,34,2783.97,16-12-2025
393,24,Software Error,8,10948.65,06-11-2024
394,27,Power Outage,43,584.4975,15-03-2025
395,36,Software Error,39,7170.265,11-04-2025
396,29,Power Outage,23,7981.625,02-04-2025
397,36,Cooling Failure,41,11741.05,25-05-2025
398,4,Cooling Failure,26,5595.0975,20-08-2025
399,18,Port Failure,13,5581.8775,09-06-2024
400,13,Cooling Failure,34,4265.105,03-05-2026
401,10,Network Issue,31,5773.355,05-03-2025
402,13,Software Error,25,9656.37,19-09-2025
403,7,Power Outage,36,6618.5125,06-05-2024
404,29,Power Outage,30,4493.87,01-12-2024
405,34,Network Issue,19,9346.4625,21-07-2025
406,38,Port Failure,8,5532.4,03-08-2024
407,7,Software Error,31,8298.0725,12-04-2025
408,45,Power Outage,32,2638.14,15-03-2026
409,5,Network Issue,38,1343.5025,05-02-2026
410,13,Power Outage,7,10987.2825,21-11-2024
411,1,Network Issue,44,5776.955,05-12-2025
412,31,Port Failure,7,2345.2925,14-12-2025
413,3,Software Error,10,3914.4575,25-03-2025
414,12,Port Failure,24,7841.08,21-01-2025
415,45,Port Failure,26,7086.045,12-10-2024
416,15,Software Error,2,10695.05,04-05-2025
417,27,Network Issue,12,7478.5025,05-11-2024
418,8,Network Issue,36,9178.01,20-03-2025
419,39,Software Error,15,7032.365,03-08-2024
420,17,Port Failure,3,10319.14,21-09-2024
421,33,Cooling Failure,9,10771.8975,11-12-2025
422,41,Software Error,39,12099.8225,16-01-2026
423,44,Software Error,14,10047.6925,28-04-2025
424,17,Network Issue,7,10025.0375,14-04-2026
425,4,Port Failure,41,8669.7575,15-09-2024
426,12,Power Outage,9,7551.6275,10-05-2025
427,7,Software Error,27,3034.85,12-11-2024
428,45,Power Outage,17,3031.98,07-11-2024
429,20,Port Failure,12,727.9225,10-04-2025
430,24,Network Issue,35,10908.515,16-06-2025
431,5,Network Issue,40,3305.965,30-03-2025
432,3,Port Failure,15,9473.5475,22-08-2025
433,23,Cooling Failure,10,745.675,19-09-2024
434,17,Port Failure,17,6918.5025,23-12-2024
435,18,Port Failure,20,8996.3175,15-09-2024
436,14,Port Failure,33,6460.2675,16-06-2025
437,23,Power Outage,23,12019.9125,08-10-2024
438,50,Power Outage,3,9653.93,31-07-2025
439,50,Power Outage,41,8526.645,26-08-2025
440,21,Cooling Failure,36,10502.9375,22-02-2026
441,17,Software Error,21,5308.635,07-12-2025
442,26,Port Failure,24,6198.86,01-03-2026
443,49,Software Error,46,1593.1225,17-02-2026
444,43,Power Outage,16,1794.22,11-07-2024
445,7,Cooling Failure,42,2325.9625,11-10-2024
446,36,Power Outage,33,3788.8525,21-06-2025
447,15,Cooling Failure,24,9568.965,06-11-2024
448,15,Port Failure,45,12448.525,01-07-2025
449,36,Network Issue,1,1676.9825,06-03-2026
450,11,Software Error,26,3305.385,18-12-2025
451,41,Software Error,15,2201.1575,01-08-2025
452,27,Network Issue,6,9389.09,09-02-2026
453,2,Software Error,1,1011.35,14-12-2025
454,40,Cooling Failure,1,10674.285,13-08-2025
455,29,Network Issue,14,9311.4975,13-08-2025
456,46,Port Failure,34,780.555,12-08-2024
457,35,Port Failure,48,9390.9275,03-03-2025
458,31,Power Outage,17,1348.8775,03-08-2024
459,6,Port Failure,30,9707.905,13-09-2024
460,11,Software Error,47,11194.9625,25-09-2024
461,46,Network Issue,35,4040.155,01-02-2025
462,26,Software Error,28,7941.47,05-10-2025
463,5,Network Issue,38,6034.38,21-02-2026
464,34,Power Outage,13,6619.6275,07-09-2025
465,50,Software Error,18,3806.02,31-03-2025
466,6,Cooling Failure,31,9638.7675,29-10-2024
467,4,Cooling Failure,16,688.0975,07-12-2024
468,39,Network Issue,6,3085.275,03-03-2026
469,23,Port Failure,44,2354.6125,30-01-2025
470,5,Network Issue,39,1433.3625,12-03-2026
471,38,Power Outage,33,9926.8025,23-04-2025
472,27,Software Error,21,4147.85,02-05-2025
473,34,Software Error,36,5617.5625,14-11-2024
474,9,Power Outage,13,3063.59,02-10-2024
475,20,Cooling Failure,3,10998.5425,14-09-2024
476,9,Software Error,23,7265.08,23-08-2025
477,25,Port Failure,38,671.3725,20-02-2025
478,24,Power Outage,11,9171.035,01-04-2025
479,43,Power Outage,7,3900.4325,12-07-2025
480,30,Network Issue,40,4504.7825,16-10-2025
481,34,Network Issue,5,4319.73,13-11-2024
482,45,Port Failure,1,2463.4375,14-09-2024
483,2,Software Error,34,6675.21,26-09-2025
484,11,Port Failure,7,5425.45,20-01-2025
485,13,Cooling Failure,18,686.145,02-11-2025
486,8,Power Outage,26,3514.345,30-10-2024
487,34,Network Issue,16,3769.94,01-11-2025
488,40,Software Error,44,8024.8925,09-05-2025
489,14,Cooling Failure,7,8454.88,06-01-2025
490,42,Port Failure,47,7316.3275,23-01-2026
491,14,Port Failure,1,4157.025,05-05-2024
492,5,Port Failure,7,11416.7325,03-05-2026
493,40,Network Issue,19,6528.8325,13-01-2026
494,40,Power Outage,1,5441.91,14-03-2026
495,39,Network Issue,48,11943.075,10-05-2024
496,33,Power Outage,27,10624.45,18-11-2024
497,39,Cooling Failure,4,7929.56,30-08-2025
498,8,Power Outage,35,9689.7675,05-01-2026
499,4,Software Error,18,8263.885,16-06-2024
500,6,Software Error,27,3113.445,05-10-2025
501,43,Port Failure,4,5673.3925,28-12-2024
502,16,Port Failure,14,3257.185,20-05-2025
503,14,Cooling Failure,15,2826.4125,31-10-2024
504,5,Network Issue,32,7055.4325,19-07-2025
505,17,Network Issue,41,7472.1075,15-11-2024
506,33,Power Outage,13,7008.0825,22-06-2025
507,32,Power Outage,20,6818.9325,26-06-2025
508,13,Software Error,8,3716.575,15-08-2025
509,5,Power Outage,32,7939.8125,03-12-2025
510,7,Cooling Failure,44,4003.465,23-10-2024
511,49,Network Issue,36,10583.54,24-11-2025
512,49,Port Failure,30,3902.165,02-02-2026
513,45,Port Failure,20,12011.625,22-09-2025
514,4,Power Outage,8,11313.08,24-12-2025
515,38,Software Error,6,3493.65,02-07-2024
516,4,Power Outage,37,6090.7625,14-03-2026
517,11,Software Error,26,1820.73,19-12-2024
518,25,Port Failure,16,4557.65,04-02-2025
519,30,Port Failure,27,4726.0475,05-03-2026
520,19,Power Outage,15,4428.3625,31-01-2026
521,7,Cooling Failure,15,3590.88,28-03-2025
522,39,Port Failure,16,11900.6125,24-12-2024
523,25,Power Outage,40,9496.41,11-05-2024
524,9,Cooling Failure,37,5778.8725,20-09-2025
525,11,Software Error,20,3976.06,22-10-2024
526,32,Port Failure,3,4214.2075,14-04-2026
527,11,Network Issue,29,1689.615,13-06-2025
528,4,Cooling Failure,11,7901.5875,06-12-2025
529,32,Software Error,20,6586.575,09-01-2025
530,2,Cooling Failure,25,12478.67,15-03-2026
531,3,Cooling Failure,18,3379.435,20-02-2025
532,41,Power Outage,28,2990.28,06-07-2025
533,17,Network Issue,18,11780.9525,17-11-2024
534,49,Cooling Failure,39,11692.9425,07-01-2026
535,40,Cooling Failure,32,8253.905,19-08-2024
536,7,Cooling Failure,21,5129.33,14-08-2025
537,27,Port Failure,32,711.5475,15-07-2025
538,48,Software Error,6,12103.5475,20-02-2025
539,36,Port Failure,2,2220.77,20-08-2024
540,13,Network Issue,5,10283.55,01-11-2025
541,3,Network Issue,1,6574.7375,17-10-2025
542,11,Power Outage,47,8868.2,18-07-2024
543,14,Power Outage,14,3137.155,18-07-2025
544,22,Power Outage,40,5869.35,06-03-2026
545,12,Port Failure,36,8214.3225,15-09-2024
546,12,Software Error,43,5103.7025,26-07-2025
547,37,Power Outage,47,5603.505,02-02-2026
548,45,Network Issue,40,10675.605,13-12-2024
549,5,Cooling Failure,18,6652.045,28-09-2025
550,47,Cooling Failure,24,3721.1575,18-09-2024
551,37,Power Outage,20,2463.84,13-03-2026
552,35,Software Error,41,4332.1375,28-10-2025
553,4,Software Error,35,10854.8,15-11-2025
554,41,Cooling Failure,47,6084.2625,10-08-2025
555,3,Network Issue,43,11755.515,12-05-2025
556,11,Software Error,30,4854.285,24-05-2025
557,35,Network Issue,30,6149.1425,03-10-2025
558,10,Network Issue,40,10272.8475,25-05-2025
559,33,Software Error,29,4564,30-06-2025
560,38,Cooling Failure,13,4133.3,21-04-2025
561,35,Cooling Failure,43,3444.5275,27-12-2025
562,46,Power Outage,33,8099.015,07-03-2025
563,24,Software Error,21,6336.2475,23-08-2024
564,33,Network Issue,24,3095.155,09-02-2026
565,16,Port Failure,43,11459.74,13-01-2025
566,20,Software Error,1,8869.11,24-08-2024
567,26,Cooling Failure,3,8492.225,13-08-2024
568,42,Cooling Failure,32,1449.76,17-05-2024
569,4,Port Failure,25,3406.3,22-02-2025
570,34,Cooling Failure,4,11568.0125,07-08-2024
571,18,Port Failure,39,1111.5775,20-08-2025
572,12,Network Issue,33,8046.615,01-07-2024
573,32,Software Error,13,6993.65,09-11-2024
574,46,Power Outage,4,1081.22,05-03-2026
575,32,Power Outage,39,9363.825,04-04-2025
576,6,Port Failure,28,2348.83,24-11-2024
577,27,Software Error,24,6975.6275,08-05-2025
578,13,Software Error,40,3236.24,11-01-2025
579,43,Cooling Failure,21,4327.7875,19-10-2024
580,29,Power Outage,17,4939.5775,20-06-2025
581,35,Power Outage,11,8326.0225,24-05-2025
582,30,Software Error,18,3179.22,07-04-2025
583,29,Port Failure,12,3626.33,19-07-2025
584,16,Software Error,37,3860.3475,08-10-2024
585,22,Port Failure,14,3200.55,21-12-2025
586,41,Port Failure,24,7435.7025,30-11-2025
587,25,Cooling Failure,35,6785.3325,13-07-2025
588,30,Port Failure,45,12387.2125,15-03-2026
589,40,Port Failure,23,3422.2075,20-07-2024
590,44,Power Outage,34,3714.49,03-01-2026
591,13,Cooling Failure,28,4751.435,19-06-2025
592,34,Port Failure,41,7819.4175,02-06-2025
593,16,Port Failure,11,7752.715,28-09-2024
594,28,Software Error,30,11851.1575,24-02-2025
595,28,Power Outage,11,8650.7475,25-04-2025
596,36,Cooling Failure,22,6946.4525,08-01-2025
597,17,Power Outage,14,5990.1875,28-05-2024
598,36,Port Failure,23,7078.1675,06-02-2026
599,4,Cooling Failure,33,1267.3825,19-07-2024
600,21,Cooling Failure,43,2317.6325,06-03-2025
601,42,Power Outage,45,10369.0575,24-08-2024
602,10,Power Outage,33,5241.29,13-09-2025
603,6,Network Issue,21,5247.5275,25-05-2025
604,20,Network Issue,15,1940.3425,16-10-2024
605,2,Port Failure,23,529.43,23-09-2025
606,24,Network Issue,27,6973.275,06-10-2024
607,41,Software Error,29,6762.165,04-01-2026
608,50,Software Error,41,2509.4025,12-10-2025
609,22,Network Issue,23,7634.58,07-12-2024
610,43,Network Issue,46,11359.545,05-09-2025
611,14,Port Failure,14,10562.3775,08-11-2025
612,40,Network Issue,42,10707.0375,27-09-2024
613,8,Power Outage,48,2639.72,21-07-2025
614,49,Port Failure,1,4541.2525,20-01-2025
615,6,Cooling Failure,28,8098.005,03-01-2026
616,10,Power Outage,14,10194.985,07-03-2025
617,5,Power Outage,37,5025.425,25-10-2025
618,48,Power Outage,30,11308.785,07-02-2026
619,40,Network Issue,46,1311.8025,20-08-2024
620,19,Network Issue,44,4147.7375,26-06-2024
621,26,Power Outage,12,9436.9925,01-08-2024
622,15,Port Failure,45,4029.3,04-09-2025
623,13,Cooling Failure,22,669.3825,20-07-2024
624,17,Port Failure,5,11313.8125,03-08-2024
625,28,Power Outage,12,10986.3175,04-01-2026
626,37,Power Outage,22,1722.2075,10-10-2025
627,33,Network Issue,2,3809.91,30-09-2025
628,40,Port Failure,13,4577.8675,10-06-2025
629,49,Software Error,21,3816.1675,08-09-2024
630,4,Port Failure,42,7618.1025,28-04-2026
631,27,Power Outage,30,6810.58,22-02-2026
632,18,Port Failure,7,4135.4425,01-01-2025
633,30,Software Error,24,3161.885,09-02-2026
634,22,Port Failure,44,4787.675,11-10-2025
635,30,Cooling Failure,18,699.0025,08-11-2024
636,30,Port Failure,33,10715.96,27-10-2024
637,13,Software Error,6,3579.245,25-03-2025
638,42,Software Error,23,9370.4525,11-06-2025
639,32,Software Error,47,9392.2325,17-09-2024
640,12,Network Issue,38,11072.81,18-02-2025
641,22,Port Failure,10,4270.9475,05-06-2024
642,11,Software Error,46,1686.705,26-01-2026
643,36,Network Issue,36,12121.3525,11-08-2024
644,41,Power Outage,22,11853.5225,16-06-2025
645,24,Cooling Failure,37,6574.7325,17-03-2026
646,8,Network Issue,13,7314.51,17-03-2025
647,9,Network Issue,34,7170.7925,28-10-2024
648,22,Network Issue,25,8964.9675,27-01-2025
649,40,Network Issue,1,9351.625,19-07-2024
650,21,Cooling Failure,46,7728.905,17-09-2025
651,9,Software Error,4,6888.6675,17-08-2025
652,41,Power Outage,13,2103.2025,14-11-2025
653,33,Cooling Failure,29,10286.1875,19-10-2025
654,31,Cooling Failure,22,12133.105,16-01-2026
655,31,Port Failure,14,4938.3025,09-10-2025
656,35,Power Outage,47,1997.2775,14-12-2025
657,7,Cooling Failure,18,7870.24,14-10-2024
658,25,Power Outage,36,1470.2075,30-01-2026
659,47,Network Issue,46,593.7125,04-02-2026
660,26,Power Outage,46,1938.7375,17-12-2024
661,10,Software Error,2,4443.43,01-06-2024
662,33,Cooling Failure,15,6811.135,13-12-2024
663,2,Cooling Failure,28,11793.545,12-06-2025
664,34,Power Outage,18,7553.6425,12-02-2025
665,27,Port Failure,17,1971.9475,09-04-2025
666,16,Network Issue,24,8058.8575,28-10-2024
667,38,Cooling Failure,11,8738.4375,13-01-2025
668,2,Cooling Failure,42,7658.12,31-05-2025
669,10,Network Issue,6,2370.135,18-05-2024
670,4,Power Outage,10,4306.8075,18-11-2024
671,29,Software Error,25,4000.2725,18-09-2025
672,26,Power Outage,18,7393.7475,30-12-2024
673,44,Network Issue,38,1770.245,24-04-2026
674,23,Power Outage,38,1678.48,28-06-2024
675,30,Power Outage,31,3450.2425,02-07-2024
676,4,Port Failure,10,7857.3325,24-05-2024
677,4,Port Failure,11,5478.775,07-05-2025
678,15,Network Issue,18,12013.985,22-02-2026
679,11,Power Outage,15,10859.9675,27-12-2025
680,33,Software Error,28,3680.18,07-12-2025
681,6,Software Error,24,1715.7475,16-09-2025
682,36,Cooling Failure,48,6259.2625,23-11-2024
683,20,Cooling Failure,7,10792.96,23-04-2026
684,17,Network Issue,20,4725.02,05-10-2025
685,40,Cooling Failure,1,1297.145,28-02-2025
686,36,Power Outage,17,10107.76,17-06-2025
687,34,Power Outage,18,7155.9775,19-04-2025
688,6,Software Error,28,11585.995,28-10-2024
689,33,Software Error,18,10019.1525,02-01-2025
690,36,Network Issue,33,9770.265,30-11-2025
691,47,Port Failure,15,8318.7525,17-05-2024
692,17,Network Issue,19,9422.57,30-01-2025
693,5,Network Issue,47,8868.08,11-01-2026
694,21,Port Failure,34,10635.1475,17-09-2025
695,10,Network Issue,14,8642.705,01-01-2025
696,44,Cooling Failure,26,3133.56,27-02-2025
697,38,Network Issue,30,5126.3525,22-01-2026
698,2,Cooling Failure,34,9162.1425,13-04-2025
699,42,Network Issue,32,896.315,02-10-2025
700,37,Port Failure,38,3123.95,08-09-2025
701,11,Cooling Failure,48,2854.5075,26-01-2026
702,12,Power Outage,43,11922.2575,23-06-2024
703,7,Cooling Failure,43,5753.8075,09-05-2024
704,39,Software Error,34,8542.18,27-03-2025
705,31,Port Failure,43,11628.0725,26-01-2026
706,16,Port Failure,37,11243.1625,24-12-2024
707,36,Port Failure,24,6744.965,04-11-2024
708,17,Power Outage,10,1013.4325,02-01-2026
709,10,Software Error,33,6282.9125,19-06-2024
710,6,Power Outage,24,2290.5325,07-03-2026
711,9,Network Issue,23,6879.1875,02-10-2024
712,4,Power Outage,26,11207.175,03-08-2024
713,4,Power Outage,12,3699.5,27-04-2025
714,24,Port Failure,10,12088.7425,08-08-2025
715,34,Power Outage,8,6693.1425,26-10-2024
716,36,Power Outage,24,6944.7575,17-04-2026
717,42,Port Failure,24,1064.2325,14-04-2026
718,46,Network Issue,40,4535.4075,22-12-2025
719,28,Power Outage,33,683.3,11-06-2024
720,9,Software Error,37,4489.555,28-12-2024
721,17,Port Failure,8,5938.1175,04-06-2024
722,15,Software Error,29,1139.33,09-10-2025
723,33,Software Error,9,4770.215,15-12-2025
724,17,Power Outage,25,8191.325,28-01-2026
725,18,Power Outage,41,6795.8575,18-07-2025
726,28,Power Outage,13,10568.4975,25-06-2024
727,48,Network Issue,26,982.015,26-08-2024
728,16,Port Failure,19,6363.8675,18-12-2025
729,12,Cooling Failure,27,12072.345,27-07-2025
730,9,Cooling Failure,43,996.855,16-08-2025
731,33,Port Failure,35,10459.5625,10-09-2025
732,34,Power Outage,8,4287.815,31-01-2026
733,1,Cooling Failure,39,655.2175,16-03-2026
734,41,Software Error,34,4004.8625,28-06-2024
735,36,Port Failure,45,4051.4025,04-05-2026
736,19,Port Failure,19,1374.13,06-02-2026
737,26,Power Outage,46,7282.0175,27-09-2024
738,27,Network Issue,17,10922.4325,03-02-2025
739,42,Network Issue,35,8560.845,29-04-2026
740,31,Port Failure,43,7695.1325,31-12-2024
741,46,Network Issue,20,5057.2325,11-10-2024
742,17,Network Issue,24,1144.6675,04-07-2024
743,2,Network Issue,42,782.63,03-12-2024
744,16,Port Failure,24,11122.35,16-11-2025
745,22,Software Error,42,3821.7725,25-05-2024
746,19,Network Issue,9,9880.835,15-01-2025
747,43,Port Failure,36,11945.19,29-03-2025
748,36,Cooling Failure,38,6802.6675,18-12-2024
749,38,Network Issue,2,536.505,01-09-2024
750,2,Port Failure,30,5910.785,18-11-2025
751,9,Port Failure,39,2626.225,19-08-2024
752,47,Port Failure,33,10384.5325,07-08-2025
753,8,Software Error,15,10637.595,09-10-2025
754,31,Port Failure,34,7802.2825,23-10-2024
755,6,Port Failure,37,10733.395,19-10-2024
756,33,Software Error,36,6059.5625,16-12-2024
757,14,Cooling Failure,23,11487.28,26-03-2026
758,45,Port Failure,32,7997.2275,11-06-2025
759,19,Power Outage,39,11716.3325,13-03-2026
760,27,Software Error,36,1457.1275,05-06-2024
761,48,Cooling Failure,1,7811.82,04-03-2026
762,35,Power Outage,35,11126.6,11-08-2025
763,2,Network Issue,13,6436.945,06-11-2025
764,21,Power Outage,14,10585.025,19-12-2024
765,25,Software Error,25,2845.6675,13-04-2026
766,21,Cooling Failure,20,5848.345,23-08-2025
767,40,Software Error,23,9742.795,19-09-2024
768,14,Cooling Failure,29,7626.0125,26-10-2024
769,48,Power Outage,37,6183.4,13-04-2025
770,3,Cooling Failure,21,7489.265,02-11-2025
771,30,Port Failure,25,10085.045,03-09-2024
772,36,Power Outage,35,4911.195,12-01-2026
773,10,Network Issue,38,743.3075,13-09-2025
774,9,Cooling Failure,17,1278.5825,21-09-2025
775,5,Software Error,10,10431.995,19-01-2025
776,36,Power Outage,1,10758.83,23-02-2025
777,33,Network Issue,17,4813.795,28-02-2025
778,8,Port Failure,8,4843.735,14-03-2026
779,38,Cooling Failure,26,12070.995,24-12-2024
780,9,Network Issue,45,6237.95,24-04-2025
781,17,Network Issue,5,11700.58,10-12-2025
782,24,Cooling Failure,25,9903.4175,31-05-2024
783,50,Network Issue,34,5365.4675,16-05-2024
784,14,Port Failure,12,5147.275,22-11-2024
785,14,Software Error,38,5546.2125,04-07-2024
786,42,Software Error,32,9638.1675,27-02-2025
787,17,Power Outage,17,8665.105,22-03-2026
788,33,Cooling Failure,4,5841.1425,28-08-2025
789,19,Software Error,17,1502.56,23-12-2024
790,39,Port Failure,22,12239.485,05-05-2026
791,44,Network Issue,29,3605.7225,24-02-2026
792,46,Cooling Failure,47,8542.3525,17-04-2026
793,27,Power Outage,19,8296.8375,10-02-2025
794,23,Cooling Failure,4,7911.8825,10-04-2026
795,22,Power Outage,34,2852.04,28-04-2025
796,28,Software Error,25,4692.645,18-07-2025
797,12,Cooling Failure,36,9105.275,28-05-2025
798,28,Power Outage,39,3599.945,22-12-2024
799,17,Power Outage,11,7677.06,16-10-2025
800,31,Cooling Failure,37,12446.54,02-02-2025
